[
  {
    "Id": "3c571740-e2d3-401e-9e6e-f4aa25f41b1d",
    "Name": "Advanced Tactical Gloves",
    "CreatorIds": [40545786]
  },
  {
    "Id": "1436b29a-2583-4fae-818b-7c44c3999dad",
    "Name": "Arctic Gloves",
    "CreatorIds": [40545786]
  },
  {
    "Id": "f74d4091-bb02-4b86-b5eb-5e4c2c59e8f7",
    "Name": "Chromatic Signature Gloves",
    "CreatorIds": [127780]
  },
  {
    "Id": "772c8317-ddb1-4805-a543-d65f5d422fb1",
    "Name": "Digital Camo Gloves",
    "CreatorIds": [40545786]
  },
  {
    "Id": "dbaac83d-f5e6-446e-bf2a-a205292c3bc0",
    "Name": "Lightweight Gloves",
    "CreatorIds": [40545786]
  },
  {
    "Id": "66f2a684-bd12-4cd4-b9d8-f083d6ac67f6",
    "Name": "Zip-Up Tactical Gloves",
    "CreatorIds": [176598467]
  }
]
