[
  {
    "Id": "b081fbf3-0b51-48b7-af5c-44fcd19aeba4",
    "Name": "Advanced Tactical Shoes",
    "CreatorId": 40545786
  },
  {
    "Id": "292c7c19-90db-479b-bb59-20667cf64cc6",
    "Name": "ChromaticDeath Shoes",
    "CreatorId": 127780
  },
  {
    "Id": "9743d2ef-0c36-47a9-bc25-1b583402e816",
    "Name": "DarkBoltex Shoes",
    "CreatorId": 40545786
  },
  {
    "Id": "b8604baa-c52f-4a26-a503-a72dbaced017",
    "Name": "SardiTime Shoes",
    "CreatorId": 135955170
  },
  {
    "Id": "038c1d6d-505f-49d2-9ae2-a39eaae81dda",
    "Name": "Skyfall_Epsilon Shoes",
    "CreatorId": 176598467
  }
]
