[
  {
    "Id": "b081fbf3-0b51-48b7-af5c-44fcd19aeba4",
    "Name": "Advanced Tactical Shoes"
  },
  {
    "Id": "292c7c19-90db-479b-bb59-20667cf64cc6",
    "Name": "ChromaticDeath Shoes"
  },
  {
    "Id": "9743d2ef-0c36-47a9-bc25-1b583402e816",
    "Name": "DarkBoltex Shoes"
  },
  {
    "Id": "b8604baa-c52f-4a26-a503-a72dbaced017",
    "Name": "SardiTime Shoes"
  },
  {
    "Id": "038c1d6d-505f-49d2-9ae2-a39eaae81dda",
    "Name": "Skyfall_Epsilon Shoes"
  },
  {
    "Id": "3c571740-e2d3-401e-9e6e-f4aa25f41b1d",
    "Name": "Advanced Tactical Gloves"
  },
  {
    "Id": "1436b29a-2583-4fae-818b-7c44c3999dad",
    "Name": "Arctic Gloves"
  },
  {
    "Id": "f74d4091-bb02-4b86-b5eb-5e4c2c59e8f7",
    "Name": "Chromatic Signature Gloves"
  },
  {
    "Id": "772c8317-ddb1-4805-a543-d65f5d422fb1",
    "Name": "Digital Camo Gloves"
  },
  {
    "Id": "dbaac83d-f5e6-446e-bf2a-a205292c3bc0",
    "Name": "Lightweight Gloves"
  },
  {
    "Id": "66f2a684-bd12-4cd4-b9d8-f083d6ac67f6",
    "Name": "Zip-Up Tactical Gloves"
  }
]
