[
  {
    "Id": "b081fbf3-0b51-48b7-af5c-44fcd19aeba4",
    "Name": "Advanced Tactical Shoes",
    "CreatorIds": [40545786]
  },
  {
    "Id": "292c7c19-90db-479b-bb59-20667cf64cc6",
    "Name": "ChromaticDeath Shoes",
    "CreatorIds": [127780, 40545786]
  },
  {
    "Id": "9743d2ef-0c36-47a9-bc25-1b583402e816",
    "Name": "DarkBoltex Shoes",
    "CreatorIds": [40545786]
  },
  {
    "Id": "b8604baa-c52f-4a26-a503-a72dbaced017",
    "Name": "SardiTime Shoes",
    "CreatorIds": [135955170]
  },
  {
    "Id": "038c1d6d-505f-49d2-9ae2-a39eaae81dda",
    "Name": "Skyfall_Epsilon Shoes",
    "CreatorIds": [176598467]
  },
  {
    "Id": "1d01c564-e317-4635-b90e-fdb05d2fb660",
    "Name": "Lightweight Armor Shoes",
    "CreatorIds": [40545786]
  }
]
