﻿{
  "Pants": [
    {
      "Id": 368659381,
      "Name": "Innovation Security Holstered Pants- .40 Pistol",
      "CreatorId": 127780,
      "ShoeId": "292c7c19-90db-479b-bb59-20667cf64cc6",
      "HolsterId": "5bd4edc4-fb80-4b23-bfcd-ce588eb21fb7",
      "Colors": [{ "Colors": ["90,96,147"] }]
    },
    {
      "Id": 6914637973,
      "Name": "Innovation Security 2015 Remastered Pants",
      "CreatorId": 40545786,
      "ShoeId": "9743d2ef-0c36-47a9-bc25-1b583402e816",
      "Colors": [{ "Colors": ["90,96,147"] }]
    },
    {
      "Id": 3933922179,
      "Name": "Innovation Security Advanced Tactical Pants",
      "CreatorId": 40545786,
      "ShoeId": "b081fbf3-0b51-48b7-af5c-44fcd19aeba4",
      "Colors": [
        { "Colors": ["120,120,150"] },
        { "Colors": ["130,130,195"] },
        { "Colors": ["56,56,118"] }
      ]
    },
    {
      "Id": 368728509,
      "Name": "Innovation Security Arctic Task Force Pants",
      "CreatorId": 127780,
      "CanBeCustomized": false,
      "ShoeId": "292c7c19-90db-479b-bb59-20667cf64cc6",
      "Colors": [{ "Colors": ["110,120,150"] }, { "Colors": ["110, 115, 130"] }]
    },
    {
      "Id": 368658944,
      "Name": "Innovation Security Basic Pants",
      "CreatorId": 127780,
      "ShoeId": "292c7c19-90db-479b-bb59-20667cf64cc6",
      "Colors": [{ "Colors": ["90,96,147"] }]
    },
    {
      "Id": 368662298,
      "Name": "Chromatic's Signature Elite Pants (Guardsman+)",
      "CreatorId": 127780,
      "CanBeCustomized": false,
      "ShoeId": "292c7c19-90db-479b-bb59-20667cf64cc6",
      "HolsterId": "83115c76-d8a9-443a-b00f-5972b8fabd40",
      "Colors": [{ "Colors": ["98,102,136"] }]
    },
    {
      "Id": 368660897,
      "Name": "Innovation Security Dark Pants (Premium 1)",
      "CreatorId": 127780,
      "ShoeId": "292c7c19-90db-479b-bb59-20667cf64cc6",
      "HolsterId": "cae2bcdc-9512-4ade-b7e6-4831323b3abd",
      "Colors": [{ "Colors": ["55,55,55"] }]
    },
    {
      "Id": 1572086257,
      "Name": "Innovation Security Digital Camo Uniform Pants",
      "CreatorId": 40545786,
      "ShoeId": "292c7c19-90db-479b-bb59-20667cf64cc6",
      "ShadingAmount": 2,
      "Colors": [
        { "Colors": ["50,70,90"] },
        { "Colors": ["22,22,22"] },
        { "Colors": ["115,139,164"] },
        { "Colors": ["70,90,115"] }
      ]
    },
    {
      "Id": 747915880,
      "Name": "Elite Tier Guardsman's Trousers",
      "CreatorId": 127780,
      "ShoeId": "292c7c19-90db-479b-bb59-20667cf64cc6",
      "Colors": [{ "Colors": ["60,60,80"] }, { "Colors": ["130,110,10"] }]
    },
    {
      "Id": 747917741,
      "Name": "Innovation Security Guardsman's Trousers",
      "CreatorId": 127780,
      "ShoeId": "292c7c19-90db-479b-bb59-20667cf64cc6",
      "Colors": [{ "Colors": ["70,70,70"] }, { "Colors": ["127,127,127"] }]
    },
    {
      "Id": 6914640997,
      "Name": "Innovation Lightweight Armour Pants",
      "CreatorId": 40545786,
      "ShoeId": "1d01c564-e317-4635-b90e-fdb05d2fb660",
      "Colors": [{ "Colors": ["90,96,147"] }, { "Colors": ["90,96,147"] }]
    },
    {
      "Id": 368659714,
      "Name": "Innovation Security Shorts",
      "CreatorId": 127780,
      "ShoeId": "292c7c19-90db-479b-bb59-20667cf64cc6",
      "Colors": [{ "Colors": ["90,96,147"] }]
    },
    {
      "Id": 368660060,
      "Name": "Innovation Security Standard Pants",
      "CreatorId": 127780,
      "HolsterId": "cae2bcdc-9512-4ade-b7e6-4831323b3abd",
      "ShoeId": "292c7c19-90db-479b-bb59-20667cf64cc6",
      "Colors": [{ "Colors": ["90,96,147"] }]
    },
    {
      "Id": 17402073986,
      "Name": "Innovation Security Tactical Skirt",
      "CreatorId": 176598467,
      "ShoeId": "038c1d6d-505f-49d2-9ae2-a39eaae81dda",
      "Colors": [{ "Colors": ["90,96,147"] }]
    },
    {
      "Id": 17402068132,
      "Name": "Innovation Security Energized Pistol Holster",
      "CreatorId": 176598467,
      "ShoeId": "038c1d6d-505f-49d2-9ae2-a39eaae81dda",
      "HolsterId": "aa34f503-d1cd-4eba-81f3-f57708c3c840",
      "Colors": [{ "Colors": ["90,96,147"] }]
    },
    {
      "Id": 17402035472,
      "Name": "Innovation Security Early Response Unit Pants",
      "CreatorId": 135955170,
      "ShoeId": "b8604baa-c52f-4a26-a503-a72dbaced017",
      "HolsterId": "d62e48f4-635c-485c-a7cb-63144b8c925f",
      "Colors": [{ "Colors": ["90,96,147"] }]
    },
    {
      "Id": 0,
      "Name": "[TRAINER+ ONLY] Innovation Security Trenchoat Pants",
      "CreatorId": 135955170
    },
    {
      "Id": 88358421187338,
      "Name": "(ETG+) Innovation Security ETG Special Ops Pants",
      "CreatorId": 176598467,
      "ShoeId": "038c1d6d-505f-49d2-9ae2-a39eaae81dda",
      "Colors": [
        { "Colors": [ "57,63,79" ] },
        { "Name": "Strip", "Colors": [ "30,30,30" ] },
        { "Name": "Lines" ,"Colors": [ "141,122,59" ] },
        { "Name": "Dots", "Colors": [ "40,40,40" ] },
        { "Colors": [ "150,150,150" ] }
      ]
    },
    {
      "Id": 128559015286435,
      "Name": "(TIER 1+) Innovation Guardsmen Special Ops Pants",
      "CreatorId": 176598467,
      "ShoeId": "038c1d6d-505f-49d2-9ae2-a39eaae81dda",
      "Colors": [
        { "Colors": [ "150,150,150" ] },
        { "Colors": [ "255,255,255" ] },
        {
          "Name": "Strip",
          "Colors": [ "59,59,59" ]
        },
        {
          "Name": "Dots",
          "Colors": [ "40,40,40" ]
        }
      ]
    }
  ],
  "Shirts": [
    {
      "Id": 6914629942,
      "Name": "Innovation Security 2015 Remastered Shirt",
      "CreatorId": 40545786,
      "ArmbandId": "94c1a8f6-d40f-4a29-9d89-6481f299c1ce",
      "LogoIds": [
        {
          "LogoId": 2,
          "Location": "172, 398",
          "PresetGuid": "b3652a2e-7a4f-4585-92f4-90b3c0f68f8c"
        },
        {
          "LogoId": 2,
          "Location": "395, 398"
        }
      ],
      "Colors": [{ "Colors": ["90,96,147"] }, { "Colors": ["122,0,0"] }]
    },
    {
      "Id": 3933916736,
      "Name": "Innovation Security Advanced Tactical Vest",
      "CreatorId": 40545786,
      "CanBeCustomized": false,
      "GloveId": "3c571740-e2d3-401e-9e6e-f4aa25f41b1d",
      "ArmbandId": "05d1b0f8-2585-4751-81de-8882e36f01d6",
      "LogoIds": [
        {
          "LogoId": 1,
          "Location": "395, 366"
        }
      ],
      "Colors": [
        { "Colors": ["120,120,150"] },
        { "Name": "Camo", "Colors": ["130,130,195"] },
        { "Name": "Vest lights", "Colors": ["56,56,118"] }
      ]
    },
    {
      "Id": 368717072,
      "Name": "Innovation Security Arctic Task Force Vest",
      "CreatorId": 127780,
      "CanBeCustomized": false,
      "GloveId": "1436b29a-2583-4fae-818b-7c44c3999dad",
      "ArmbandId": "e9f46544-5221-440c-9ab2-bd67b8b46611",
      "LogoIds": [
        {
          "LogoId": 7,
          "Location": "251, 165",
          "Transparency": 0.5
        },
        {
          "LogoId": 6,
          "Location": "399, 160",
          "Transparency": 0.75
        },
        {
          "LogoId": 7,
          "Location": "460, 179",
          "Transparency": 0.5
        },
        {
          "LogoId": 0,
          "Location": "394, 380"
        }
      ],
      "Colors": [{ "Colors": ["110,120,150"] }, { "Name": "Camo", "Colors": ["110, 115, 130"] }]
    },
    {
      "Id": 368715486,
      "Name": "Chromatic's Signature Elite Vest (Guardsman+)",
      "CreatorId": 127780,
      "CanBeCustomized": false,
      "GloveId": "f74d4091-bb02-4b86-b5eb-5e4c2c59e8f7",
      "ArmbandId": "984fd432-85af-4e5b-8ac3-acb4fc9018fb",
      "Colors": [{ "Colors": ["130,140,165"] }]
    },
    {
      "Id": 368658202,
      "Name": "Innovation Security Longsleeved Shirt (Optional)",
      "CreatorId": 127780,
      "ArmbandId": "db0c8f99-184b-4bb1-a416-7be3b3aae012",
      "LogoIds": [
        {
          "LogoId": 3,
          "Location": "321, 95"
        },
        {
          "LogoId": 4,
          "Location": "398, 374"
        }
      ],
      "Colors": [{ "Colors": ["90,96,147"] }]
    },
    {
      "Id": 368664950,
      "Name": "Shortsleeve Collared shirt (Optional)",
      "CreatorId": 127780,
      "ArmbandId": "db0c8f99-184b-4bb1-a416-7be3b3aae012",
      "LogoIds": [
        {
          "LogoId": 3,
          "Location": "321, 95"
        },
        {
          "LogoId": 4,
          "Location": "398, 374"
        }
      ],
      "Colors": [{ "Colors": ["90,96,147"] }]
    },
    {
      "Id": 368662637,
      "Name": "Innovation Security Dark (Premium 1)",
      "CreatorId": 127780,
      "ArmbandId": "30a054ff-bd6e-4a79-b09d-3c374c6849d7",
      "LogoIds": [
        {
          "LogoId": 5,
          "Location": "486, 140",
          "Transparency": 0.5
        },
        {
          "LogoId": 0,
          "Location": "395, 370"
        }
      ],
      "Colors": [{ "Colors": ["100,110,150"] }]
    },
    {
      "Id": 1572085245,
      "Name": "Innovation Security Digital Camo Uniform Shirt",
      "CreatorId": 40545786,
      "ShadingAmount": 2,
      "GloveId": "772c8317-ddb1-4805-a543-d65f5d422fb1",
      "ArmbandId": "4414023a-8c1e-4541-9011-4d66a198e3d5",
      "LogoIds": [
        {
          "LogoId": 7,
          "Location": "251, 165",
          "Transparency": 0.5
        },
        {
          "LogoId": 7,
          "Location": "460, 179",
          "Transparency": 0.5
        },
        {
          "LogoId": 0,
          "Location": "395, 370"
        }
      ],
      "Colors": [
        { "Colors": ["50,70,90"] },
        { "Name": "Camo 1", "Colors": ["22,22,22"] },
        { "Name": "Camo 2", "Colors": ["115,139,164"] },
        { "Name": "Camo 3", "Colors": ["70,90,115"] }
      ]
    },
    {
      "Id": 747914884,
      "Name": "Innovation Security Elite Tier Guardsman's Vest",
      "CreatorId": 127780,
      "ArmbandId": "8ba5f71d-2dfb-481a-8f85-83626c1bb555",
      "Colors": [{ "Colors": ["57,63,79"] }, { "Colors": ["66,66,66"] }]
    },
    {
      "Id": 747916816,
      "Name": "Innovation Security Guardsman's Vest",
      "CreatorId": 127780,
      "ArmbandId": "b053b1d1-6278-4a8f-a6bb-c96223ca1182",
      "LogoIds": [
        {
          "LogoId": 5,
          "Location": "486, 140",
          "Transparency": 0.5
        }
      ],
      "Colors": [{ "Colors": ["167,167,167"] }, { "Colors": ["68,68,68"] }]
    },
    {
      "Id": 368665973,
      "Name": "Innovation Security \"Legacy\" Vest (Optional)",
      "CreatorId": 127780,
      "ArmbandId": "2123df52-c72c-4763-89a9-79ddcf08cdb5",
      "LogoIds": [
        {
          "LogoId": 7,
          "Location": "251, 165",
          "Transparency": 0.5
        },
        {
          "LogoId": 6,
          "Location": "399, 160",
          "Transparency": 0.75
        },
        {
          "LogoId": 7,
          "Location": "460, 179",
          "Transparency": 0.5
        },
        {
          "LogoId": 0,
          "Location": "395, 370"
        }
      ],
      "Colors": [{ "Colors": ["90,96,147"] }]
    },
    {
      "Id": 368664191,
      "Name": "Security Shortsleeved \"Legacy\" Vest (Optional)",
      "CreatorId": 127780,
      "ArmbandId": "2123df52-c72c-4763-89a9-79ddcf08cdb5",
      "LogoIds": [
        {
          "LogoId": 7,
          "Location": "251, 165",
          "Transparency": 0.5
        },
        {
          "LogoId": 6,
          "Location": "399, 160",
          "Transparency": 0.75
        },
        {
          "LogoId": 7,
          "Location": "460, 179",
          "Transparency": 0.5
        },
        {
          "LogoId": 0,
          "Location": "395, 370"
        }
      ],
      "Colors": [{ "Colors": ["90,96,147"] }]
    },
    {
      "Id": 368657559,
      "Name": "Innovation Security Light Vest (Optional)",
      "CreatorId": 127780,
      "ArmbandId": "db0c8f99-184b-4bb1-a416-7be3b3aae012",
      "LogoIds": [
        {
          "LogoId": 3,
          "Location": "482, 123",
          "Transparency": 0.5
        },
        {
          "LogoId": 0,
          "Location": "396, 371"
        }
      ],
      "Colors": [{ "Colors": ["90,96,147"] }]
    },
    {
      "Id": 6914634595,
      "Name": "Innovation Lightweight Armour Shirt",
      "CreatorId": 40545786,
      "CanBeCustomized": false,
      "GloveId": "dbaac83d-f5e6-446e-bf2a-a205292c3bc0",
      "ArmbandId": "a4239cea-dfac-4051-88fa-dc2a22dd6346",
      "LogoIds": [
        {
          "LogoId": 10,
          "Location": "486, 143"
        },
        {
          "LogoId": 8,
          "Location": "395, 374"
        }
      ],
      "Colors": [{ "Colors": ["90,96,147"] }, { "Colors": ["90,96,147"] }]
    },
    {
      "Id": 368666564,
      "Name": "Innovation Security Standard Vest 2016",
      "CreatorId": 127780,
      "ArmbandId": "5cee9d71-9e16-409b-af37-3b6eea22cf7b",
      "LogoIds": [
        {
          "LogoId": 5,
          "Location": "486, 140",
          "Transparency": 0.5
        },
        {
          "LogoId": 0,
          "Location": "395, 370"
        }
      ],
      "Colors": [{ "Colors": ["90,96,147"] }, { "Name": "Shoulder + sides arm", "Colors": ["90,96,147"] }]
    },
    {
      "Id": 368663056,
      "Name": "Innovation Security Shortsleeved Standard",
      "CreatorId": 127780,
      "ArmbandId": "5cee9d71-9e16-409b-af37-3b6eea22cf7b",
      "LogoIds": [
        {
          "LogoId": 5,
          "Location": "486, 140",
          "Transparency": 0.5
        },
        {
          "LogoId": 0,
          "Location": "395, 370"
        }
      ],
      "Colors": [{ "Colors": ["90,96,147"] }]
    },
    {
      "Id": 6914646133,
      "Name": "Innovation Security Satchel Uniform",
      "CreatorId": 135955170,
      "ArmbandId": "60a23692-a6cf-4f1b-85e1-5dc56422d577",
      "LogoIds": [
        {
          "LogoId": 1,
          "Location": "172, 370",
          "PresetGuid": "b3652a2e-7a4f-4585-92f4-90b3c0f68f8c"
        },
        {
          "LogoId": 1,
          "Location": "395, 370"
        }
      ],
      "Colors": [{ "Colors": ["90,96,147"] }, { "Name": "Satchel", "Colors": ["170,135,85"] }]
    },
    {
      "Id": 17402056919,
      "Name": "Innovation Security Zip-Up Tactical Vest",
      "CreatorId": 176598467,
      "GloveId": "66f2a684-bd12-4cd4-b9d8-f083d6ac67f6",
      "ArmbandId": "4e695282-c663-4e4f-a7cb-113bc8c3ab7e",
      "LogoIds": [
        {
          "LogoId": 7,
          "Location": "243, 141",
          "Transparency": 0.5
        },
        {
          "LogoId": 7,
          "Location": "271, 141",
          "Transparency": 0.5,
          "PresetGuid": "b3652a2e-7a4f-4585-92f4-90b3c0f68f8c"
        },
        {
          "LogoId": 9,
          "Location": "520, 171",
          "Transparency": 0.5
        },
        {
          "LogoId": 1,
          "Location": "172, 370",
          "PresetGuid": "b3652a2e-7a4f-4585-92f4-90b3c0f68f8c"
        },
        {
          "LogoId": 1,
          "Location": "395, 370"
        }
      ],
      "Colors": [{ "Colors": ["90,96,147"] }]
    },
    {
      "Id": 17402029336,
      "Name": "Innovation Security Early Response Unit Vest",
      "CreatorId": 135955170,
      "ArmbandId": "60a23692-a6cf-4f1b-85e1-5dc56422d577",
      "LogoIds": [
        {
          "LogoId": 2,
          "Location": "172, 370",
          "PresetGuid": "b3652a2e-7a4f-4585-92f4-90b3c0f68f8c"
        },
        {
          "LogoId": 2,
          "Location": "395, 370"
        }
      ],
      "Colors": [{ "Colors": ["90,96,147"] }]
    },
    {
      "Id": 1,
      "Name": "[TRAINER+ ONLY] Innovation Security Trenchoat Shirt",
      "CreatorId": 135955170,
      "ArmbandId": "51ef14bf-3533-4ef9-86d3-91147c487422"
    },
    {
      "Id": 96333411291078,
      "Name": "(ETG+) Innovation Security ETG Special Ops Jacket",
      "CreatorId": 176598467,
      "LogoIds": [
        {
          "LogoId": 0,
          "Location": "172, 364",
          "PresetGuid": "7e31a4a6-3b6f-4069-88d7-e65d350b1aa5"
        },
        {
          "LogoId": 0,
          "Location": "395, 364"
        }
      ],
      "Colors": [
        { "Colors": [ "150,150,150" ] },
        { "Colors": [ "55,60,77" ] },
        { "Name": "Strip", "Colors": [ "50,50,50" ] },
        { "Name": "Dots", "Colors": [ "60,60,60" ] },
        { "Name": "Lines", "Colors": [ "150,125,65" ] },
        { "Name": "Guardsman text", "Colors": [ "140,140,140" ] }
      ]
    },
    {
      "Id": 85089572817810,
      "Name": "(TIER 1+) Innovation Guardsmen Special Ops Top",
      "CreatorId": 176598467,
      "LogoIds": [
        {
          "LogoId": 0,
          "Location": "172, 364",
          "PresetGuid": "b3652a2e-7a4f-4585-92f4-90b3c0f68f8c"
        },
        {
          "LogoId": 0,
          "Location": "395, 364"
        },
        {
          "LogoId": 11,
          "Location": "315, 103"
        }
      ],
      "Colors": [
        { "Colors": [ "150,150,150" ] },
        { "Colors": [ "220,220,220" ] },
        { "Name": "Strips", "Colors": [ "40,40,40" ] },
        { "Name": "Dots", "Colors": [ "50,50,50" ] },
        { "Name": "Guardsman text", "Colors": [ "30,30,30" ] }
      ]
    }
  ]
}
