{
  "Pants": [
    {
      "Id": 368659381,
      "Name": "Innovation Security Holstered Pants- .40 Pistol",
      "Creator": "ChromaticDeath"
    },
    {
      "Id": 6914637973,
      "Name": "Innovation Security 2015 Remastered Pants",
      "Creator": "Darkboltex"
    },
    {
      "Id": 3933922179,
      "Name": "Innovation Security Advanced Tactical Pants",
      "Creator": "Darkboltex"
    },
    {
      "Id": 368728509,
      "Name": "Innovation Security Arctic Task Force Pants",
      "Creator": "ChromaticDeath"
    },
    {
      "Id": 368658944,
      "Name": "Innovation Security Basic Pants",
      "Creator": "ChromaticDeath"
    },
    {
      "Id": 368662298,
      "Name": "Chromatic's Signature Elite Pants (Guardsman+)",
      "Creator": "ChromaticDeath"
    },
    {
      "Id": 368660897,
      "Name": "Innovation Security Dark Pants (Premium 1)",
      "Creator": "ChromaticDeath"
    },
    {
      "Id": 1572086257,
      "Name": "Innovation Security Digital Camo Uniform Pants",
      "Creator": "Darkboltex"
    },
    {
      "Id": 747915880,
      "Name": "Elite Tier Guardsman's Trousers",
      "Creator": "ChromaticDeath"
    },
    {
      "Id": 747917741,
      "Name": "Innovation Security Guardsman's Trousers",
      "Creator": "ChromaticDeath"
    },
    {
      "Id": 6914640997,
      "Name": "Innovation Lightweight Armour Pants",
      "Creator": "Darkboltex"
    },
    {
      "Id": 368659714,
      "Name": "Innovation Security Shorts",
      "Creator": "ChromaticDeath"
    },
    {
      "Id": 368660060,
      "Name": "Innovation Security Standard Pants",
      "Creator": "ChromaticDeath"
    }
  ],
  "Shirts": [
    {
      "Id": 6914629942,
      "Name": "Innovation Security 2015 Remastered Shirt",
      "Creator": "Darkboltex"
    },
    {
      "Id": 3933916736,
      "Name": "Innovation Security Advanced Tactical Vest",
      "Creator": "Darkboltex"
    },
    {
      "Id": 368717072,
      "Name": "Innovation Security Arctic Task Force Vest",
      "Creator": "Darkboltex"
    },
    {
      "Id": 368715486,
      "Name": "Chromatic's Signature Elite Vest (Guardsman+)",
      "Creator": "ChromaticDeath"
    },
    {
      "Id": 368658202,
      "Name": "Innovation Security Longsleeved Shirt (Optional)",
      "Creator": "ChromaticDeath"
    },
    {
      "Id": 368664950,
      "Name": "Shortsleeve Collared shirt (Optional)",
      "Creator": "ChromaticDeath"
    },
    {
      "Id": 368662637,
      "Name": "Innovation Security Dark (Premium 1)",
      "Creator": "ChromaticDeath"
    },
    {
      "Id": 1572085245,
      "Name": "Innovation Security Digital Camo Uniform Shirt",
      "Creator": "Darkboltex"
    },
    {
      "Id": 747914884,
      "Name": "Innovation Security Elite Tier Guardsman's Vest",
      "Creator": "ChromaticDeath"
    },
    {
      "Id": 747916816,
      "Name": "Innovation Security Guardsman's Vest",
      "Creator": "ChromaticDeath"
    },
    {
      "Id": 368665973,
      "Name": "Innovation Security \"Legacy\" Vest (Optional)",
      "Creator": "ChromaticDeath"
    },
    {
      "Id": 368664191,
      "Name": "Security Shortsleeved \"Legacy\" Vest (Optional)",
      "Creator": "ChromaticDeath"
    },
    {
      "Id": 368657559,
      "Name": "Innovation Security Light Vest (Optional)",
      "Creator": "ChromaticDeath"
    },
    {
      "Id": 6914634595,
      "Name": "Innovation Lightweight Armour Shirt",
      "Creator": "Darkboltex"
    },
    {
      "Id": 368666564,
      "Name": "Innovation Security Standard Vest 2016",
      "Creator": "ChromaticDeath"
    },
    {
      "Id": 368663056,
      "Name": "Innovation Security Shortsleeved Standard",
      "Creator": "ChromaticDeath"
    },
	{
		"Id": 6914646133,
		"Name": "Innovation Security Satchel Uniform",
		"Creator": "SardiTime"
	}
  ]
}